INSERT INTO tasks (task_id, task_label, task_create_date, task_due_date, task_status) VALUES (1, 'Morbi non lectus.', '2018-04-17', '2018-08-28', 'active');
INSERT INTO tasks (task_id, task_label, task_create_date, task_due_date, task_status) VALUES (2, 'Fusce congue.', '2017-06-13', '2018-01-30', 'canceled');
INSERT INTO tasks (task_id, task_label, task_create_date, task_due_date, task_status) VALUES (3, 'In hac habitasse platea dictumst.', '2017-10-11', '2017-12-26', 'completed');
INSERT INTO tasks (task_id, task_label, task_create_date, task_due_date, task_status) VALUES (4, 'Praesent blandit.', '2018-07-13', '2017-07-26', 'canceled');
INSERT INTO tasks (task_id, task_label, task_create_date, task_due_date, task_status) VALUES (5, 'Sed vel enim sit amet nunc viverra dapibus.', '2017-11-14', '2017-05-27', 'active');
INSERT INTO tasks (task_id, task_label, task_create_date, task_due_date, task_status) VALUES (6, 'Donec vitae nisi.', '2017-09-08', '2017-11-06', 'active');
INSERT INTO tasks (task_id, task_label, task_create_date, task_due_date, task_status) VALUES (7, 'Vivamus in felis eu sapien cursus vestibulum.', '2017-07-05', '2017-06-24', 'completed');
INSERT INTO tasks (task_id, task_label, task_create_date, task_due_date, task_status) VALUES (8, 'Morbi non quam nec dui luctus rutrum.', '2017-05-28', '2017-10-10', 'canceled');
INSERT INTO tasks (task_id, task_label, task_create_date, task_due_date, task_status) VALUES (9, 'Suspendisse potenti.', '2017-10-22', '2018-04-17', 'completed');
INSERT INTO tasks (task_id, task_label, task_create_date, task_due_date, task_status) VALUES (10, 'Etiam pretium iaculis justo.', '2017-10-08', '2018-11-26', 'completed');
INSERT INTO tasks (task_id, task_label, task_create_date, task_due_date, task_status) VALUES (11, 'Praesent blandit lacinia erat.', '2018-01-25', '2018-04-05', 'active');
INSERT INTO tasks (task_id, task_label, task_create_date, task_due_date, task_status) VALUES (12, 'Integer a nibh.', '2017-12-05', '2018-04-18', 'canceled');
INSERT INTO tasks (task_id, task_label, task_create_date, task_due_date, task_status) VALUES (13, 'In hac habitasse platea dictumst.', '2017-12-20', '2018-02-06', 'active');
INSERT INTO tasks (task_id, task_label, task_create_date, task_due_date, task_status) VALUES (14, 'Cras mi pede.', '2017-07-20', '2017-06-30', 'completed');
INSERT INTO tasks (task_id, task_label, task_create_date, task_due_date, task_status) VALUES (15, 'Phasellus in felis.', '2016-07-02', '2018-02-07', 'completed');
INSERT INTO tasks (task_id, task_label, task_create_date, task_due_date, task_status) VALUES (16, 'Fusce consequat.', '2017-09-15', '2018-01-18', 'active');
INSERT INTO tasks (task_id, task_label, task_create_date, task_due_date, task_status) VALUES (17, 'Nulla nisl.', '2017-06-02', '2018-01-31', 'canceled');
INSERT INTO tasks (task_id, task_label, task_create_date, task_due_date, task_status) VALUES (18, 'Duis mattis egestas metus.', '2017-04-05', '2017-12-02', 'active');
INSERT INTO tasks (task_id, task_label, task_create_date, task_due_date, task_status) VALUES (19, 'Nulla nisl.', '2017-02-06', '2017-05-27', 'canceled');
INSERT INTO tasks (task_id, task_label, task_create_date, task_due_date, task_status) VALUES (20, 'Duis aliquam convallis nunc.', '2017-07-03', '2018-03-26', 'active');
INSERT INTO tasks (task_id, task_label, task_create_date, task_due_date, task_status) VALUES (21, 'Pellentesque eget nunc.', '2017-04-18', '2017-12-05', 'active');
INSERT INTO tasks (task_id, task_label, task_create_date, task_due_date, task_status) VALUES (22, 'Etiam pretium iaculis justo.', '2018-02-03', '2017-04-16', 'completed');
INSERT INTO tasks (task_id, task_label, task_create_date, task_due_date, task_status) VALUES (23, 'Integer ac neque.', '2017-04-17', '2017-06-05', 'completed');
INSERT INTO tasks (task_id, task_label, task_create_date, task_due_date, task_status) VALUES (24, 'Pellentesque ultrices mattis odio.', '2017-04-08', '2017-06-30', 'canceled');
INSERT INTO tasks (task_id, task_label, task_create_date, task_due_date, task_status) VALUES (25, 'Integer tincidunt ante vel ipsum.', '2017-03-03', '2017-08-23', 'active');

INSERT INTO tags (tag_id, tag_text) VALUES (1, 'students');
INSERT INTO tags (tag_id, tag_text) VALUES (2, 'school');
INSERT INTO tags (tag_id, tag_text) VALUES (3, 'students');
INSERT INTO tags (tag_id, tag_text) VALUES (4, 'sports');
INSERT INTO tags (tag_id, tag_text) VALUES (5, 'class');
INSERT INTO tags (tag_id, tag_text) VALUES (6, 'classwork');
INSERT INTO tags (tag_id, tag_text) VALUES (7, 'students');
INSERT INTO tags (tag_id, tag_text) VALUES (8, 'class');
INSERT INTO tags (tag_id, tag_text) VALUES (9, 'sports');
INSERT INTO tags (tag_id, tag_text) VALUES (10, 'project');
INSERT INTO tags (tag_id, tag_text) VALUES (11, 'homework');
INSERT INTO tags (tag_id, tag_text) VALUES (12, 'students');
INSERT INTO tags (tag_id, tag_text) VALUES (13, 'students');
INSERT INTO tags (tag_id, tag_text) VALUES (14, 'homework');
INSERT INTO tags (tag_id, tag_text) VALUES (15, 'project');
INSERT INTO tags (tag_id, tag_text) VALUES (16, 'students');
INSERT INTO tags (tag_id, tag_text) VALUES (17, 'students');
INSERT INTO tags (tag_id, tag_text) VALUES (18, 'sports');
INSERT INTO tags (tag_id, tag_text) VALUES (19, 'sports');
INSERT INTO tags (tag_id, tag_text) VALUES (20, 'project');
INSERT INTO tags (tag_id, tag_text) VALUES (21, 'project');
INSERT INTO tags (tag_id, tag_text) VALUES (22, 'break');
INSERT INTO tags (tag_id, tag_text) VALUES (23, 'break');
INSERT INTO tags (tag_id, tag_text) VALUES (24, 'class');
INSERT INTO tags (tag_id, tag_text) VALUES (25, 'break');

INSERT INTO taggedTasks (taggedTask_id, task_id, tag_id) VALUES (1, 15, 2);
INSERT INTO taggedTasks (taggedTask_id, task_id, tag_id) VALUES (2, 3, 11);
INSERT INTO taggedTasks (taggedTask_id, task_id, tag_id) VALUES (3, 13, 2);
INSERT INTO taggedTasks (taggedTask_id, task_id, tag_id) VALUES (4, 19, 10);
INSERT INTO taggedTasks (taggedTask_id, task_id, tag_id) VALUES (5, 24, 21);
INSERT INTO taggedTasks (taggedTask_id, task_id, tag_id) VALUES (6, 10, 10);
INSERT INTO taggedTasks (taggedTask_id, task_id, tag_id) VALUES (7, 21, 11);
INSERT INTO taggedTasks (taggedTask_id, task_id, tag_id) VALUES (8, 12, 15);
INSERT INTO taggedTasks (taggedTask_id, task_id, tag_id) VALUES (9, 11, 17);
INSERT INTO taggedTasks (taggedTask_id, task_id, tag_id) VALUES (10, 5, 6);
INSERT INTO taggedTasks (taggedTask_id, task_id, tag_id) VALUES (11, 17, 7);
INSERT INTO taggedTasks (taggedTask_id, task_id, tag_id) VALUES (12, 6, 17);
INSERT INTO taggedTasks (taggedTask_id, task_id, tag_id) VALUES (13, 22, 1);
INSERT INTO taggedTasks (taggedTask_id, task_id, tag_id) VALUES (14, 25, 15);
INSERT INTO taggedTasks (taggedTask_id, task_id, tag_id) VALUES (15, 4, 17);
INSERT INTO taggedTasks (taggedTask_id, task_id, tag_id) VALUES (16, 22, 14);
INSERT INTO taggedTasks (taggedTask_id, task_id, tag_id) VALUES (17, 20, 8);
INSERT INTO taggedTasks (taggedTask_id, task_id, tag_id) VALUES (18, 7, 17);
INSERT INTO taggedTasks (taggedTask_id, task_id, tag_id) VALUES (19, 1, 23);
INSERT INTO taggedTasks (taggedTask_id, task_id, tag_id) VALUES (20, 9, 25);
INSERT INTO taggedTasks (taggedTask_id, task_id, tag_id) VALUES (21, 14, 9);
INSERT INTO taggedTasks (taggedTask_id, task_id, tag_id) VALUES (22, 3, 6);
INSERT INTO taggedTasks (taggedTask_id, task_id, tag_id) VALUES (23, 8, 16);
INSERT INTO taggedTasks (taggedTask_id, task_id, tag_id) VALUES (24, 17, 22);
INSERT INTO taggedTasks (taggedTask_id, task_id, tag_id) VALUES (25, 16, 22);